{
  "temperature": 0.8406233787536621,
  "ece_before": 0.0025263027431304172,
  "ece_after": 0.0005541586321056017
}