{
  "alpha": 0.2,
  "q_hat": 0.0012444659600275693,
  "temperature": 0.8406233787536621,
  "coverage": 0.8113103448275862,
  "avg_set_size": 0.8117701149425287,
  "empty_rate": 0.18822988505747126,
  "both_rate": 0.0
}